{"platt_b0": -6.051006579941778, "platt_b1": 6.58874710142405, "b3_platt_b0": -5.512843360276784, "b3_platt_b1": 10.123863869708307}